{"version":10,"project":{"id":"f92421a9-7fdb-49f9-ab88-00e14f52ae3f","title":"Ámbar Community Project","description":"Community - Powered Dog Care","thumbnail":"https://builder-api.decentraland.org/v1/projects/f92421a9-7fdb-49f9-ab88-00e14f52ae3f/media/thumbnail.png","isPublic":false,"sceneId":"a8ed7666-f2d6-4447-a6f2-8e6e5b1dc299","ethAddress":"0x8b4221b34efeb8f4ba874cf07d7f6c456c5cc347","layout":{"rows":10,"cols":10},"createdAt":"2023-07-09T01:21:14.929Z","updatedAt":"2023-07-09T01:57:38.627Z","isTemplate":false,"video":null,"templateStatus":null},"scene":{"id":"a8ed7666-f2d6-4447-a6f2-8e6e5b1dc299","entities":{"28b101f3-8d28-48fe-8aeb-4bc9ceba7ca8":{"id":"28b101f3-8d28-48fe-8aeb-4bc9ceba7ca8","components":["8741b7d2-5cc2-41ba-98d6-ffefea2a1cf1","f23106ee-9db0-4e7d-bb65-203045aea85b"],"name":"sceneAMBARPROJECT"},"0bff83c6-bc3f-47c2-8f53-27422f44f5ec":{"id":"0bff83c6-bc3f-47c2-8f53-27422f44f5ec","components":["4b9d6c1f-db87-4ce6-bab8-5fd6c49dfa01","22d768bd-6f4f-4650-a046-ce48a520b55b"],"disableGizmos":true,"name":"bermudaGrass"},"0910e642-b9d3-4f36-877d-e90be34537e1":{"id":"0910e642-b9d3-4f36-877d-e90be34537e1","components":["4b9d6c1f-db87-4ce6-bab8-5fd6c49dfa01","d643688a-23c8-45ad-bb7e-4f03e7118865"],"disableGizmos":true,"name":"bermudaGrass2"},"619089af-fd20-4214-aba4-42e8ecf2a27f":{"id":"619089af-fd20-4214-aba4-42e8ecf2a27f","components":["4b9d6c1f-db87-4ce6-bab8-5fd6c49dfa01","d45057f7-8e7c-499e-97e6-935e6c6a3b86"],"disableGizmos":true,"name":"bermudaGrass3"},"8ee9bfa5-808e-4643-9e61-3e88476da14b":{"id":"8ee9bfa5-808e-4643-9e61-3e88476da14b","components":["4b9d6c1f-db87-4ce6-bab8-5fd6c49dfa01","ba4160e8-3179-4cf3-aec6-5a66b76f2007"],"disableGizmos":true,"name":"bermudaGrass4"},"6ebdbca1-f41f-46ed-8fca-ef1e4bec782d":{"id":"6ebdbca1-f41f-46ed-8fca-ef1e4bec782d","components":["4b9d6c1f-db87-4ce6-bab8-5fd6c49dfa01","a857f68e-7c0b-46ac-85dc-c8bc929186c0"],"disableGizmos":true,"name":"bermudaGrass5"},"c3ffdfcd-8559-43b8-8f6b-0dbfcb1beec6":{"id":"c3ffdfcd-8559-43b8-8f6b-0dbfcb1beec6","components":["4b9d6c1f-db87-4ce6-bab8-5fd6c49dfa01","0602f90c-7c12-4d5c-a284-b600a9fe3d11"],"disableGizmos":true,"name":"bermudaGrass6"},"fd76df0b-aebf-44a5-b1c4-9549324f0ac0":{"id":"fd76df0b-aebf-44a5-b1c4-9549324f0ac0","components":["4b9d6c1f-db87-4ce6-bab8-5fd6c49dfa01","f74d6130-50ac-4923-9157-967b2d4d2eba"],"disableGizmos":true,"name":"bermudaGrass7"},"590fd700-bb07-48b6-a6c9-8071dee9fd2d":{"id":"590fd700-bb07-48b6-a6c9-8071dee9fd2d","components":["4b9d6c1f-db87-4ce6-bab8-5fd6c49dfa01","96d6e33d-076e-4c91-aef8-6bb52885ed0e"],"disableGizmos":true,"name":"bermudaGrass8"},"068ad924-4923-403c-80b4-d1dd19c9fcb1":{"id":"068ad924-4923-403c-80b4-d1dd19c9fcb1","components":["4b9d6c1f-db87-4ce6-bab8-5fd6c49dfa01","add83d4d-a884-44ab-b4ba-273bdf3699b1"],"disableGizmos":true,"name":"bermudaGrass9"},"0e58a6c9-f913-4652-ad8d-7dc122675ad3":{"id":"0e58a6c9-f913-4652-ad8d-7dc122675ad3","components":["4b9d6c1f-db87-4ce6-bab8-5fd6c49dfa01","c04c4439-780c-4d8a-babd-0a0fcbd7122e"],"disableGizmos":true,"name":"bermudaGrass10"},"20f6afe4-d5c7-42d2-89a0-8663b70dcc85":{"id":"20f6afe4-d5c7-42d2-89a0-8663b70dcc85","components":["4b9d6c1f-db87-4ce6-bab8-5fd6c49dfa01","e7fee349-7a83-43c4-af69-d4c7a911c0dd"],"disableGizmos":true,"name":"bermudaGrass11"},"4d7fd42f-c90d-4e03-90d7-d68607a8c4d0":{"id":"4d7fd42f-c90d-4e03-90d7-d68607a8c4d0","components":["4b9d6c1f-db87-4ce6-bab8-5fd6c49dfa01","2a430ca7-7f7f-49f7-89ea-64d8ba726d21"],"disableGizmos":true,"name":"bermudaGrass12"},"9ebf339e-6eac-4e5b-a31d-5477cf833c99":{"id":"9ebf339e-6eac-4e5b-a31d-5477cf833c99","components":["4b9d6c1f-db87-4ce6-bab8-5fd6c49dfa01","b72ddde9-8360-4274-ae2e-a7a9c49ad295"],"disableGizmos":true,"name":"bermudaGrass13"},"d35a5506-e406-4a9a-abad-bd5eb77b7d42":{"id":"d35a5506-e406-4a9a-abad-bd5eb77b7d42","components":["4b9d6c1f-db87-4ce6-bab8-5fd6c49dfa01","899ae574-1dc1-49be-a972-0fe4dd05b24e"],"disableGizmos":true,"name":"bermudaGrass14"},"48ef01e0-42af-4b1d-8182-e3c998ae1c7d":{"id":"48ef01e0-42af-4b1d-8182-e3c998ae1c7d","components":["4b9d6c1f-db87-4ce6-bab8-5fd6c49dfa01","28e7b31c-2c6f-4db8-9872-e10030c9c3dc"],"disableGizmos":true,"name":"bermudaGrass15"},"2d78654d-2d54-4a24-a10f-d741b4508613":{"id":"2d78654d-2d54-4a24-a10f-d741b4508613","components":["4b9d6c1f-db87-4ce6-bab8-5fd6c49dfa01","ca8d3f6a-0740-41f1-b31c-150b62a8b324"],"disableGizmos":true,"name":"bermudaGrass16"},"1bfe49ce-fdc5-4e62-bbd2-58bbd71658b1":{"id":"1bfe49ce-fdc5-4e62-bbd2-58bbd71658b1","components":["4b9d6c1f-db87-4ce6-bab8-5fd6c49dfa01","119f20fc-d454-47e8-85ff-b8c4047e2cd2"],"disableGizmos":true,"name":"bermudaGrass17"},"b8258df8-7072-47b1-a3aa-2158c68d49f0":{"id":"b8258df8-7072-47b1-a3aa-2158c68d49f0","components":["4b9d6c1f-db87-4ce6-bab8-5fd6c49dfa01","e25a0bfd-0b3f-4401-8f5b-390e203e4c4a"],"disableGizmos":true,"name":"bermudaGrass18"},"fcb33cb3-223e-48ce-aa57-dec7f29231fd":{"id":"fcb33cb3-223e-48ce-aa57-dec7f29231fd","components":["4b9d6c1f-db87-4ce6-bab8-5fd6c49dfa01","21f2c520-c0da-4a0a-986f-f8225d3eef00"],"disableGizmos":true,"name":"bermudaGrass19"},"fc0a1d4f-4309-441a-a0e3-3b90f5bb179e":{"id":"fc0a1d4f-4309-441a-a0e3-3b90f5bb179e","components":["4b9d6c1f-db87-4ce6-bab8-5fd6c49dfa01","809df2ce-22be-40ca-8b79-a2afd8251a40"],"disableGizmos":true,"name":"bermudaGrass20"},"4ec74d2d-42cd-4bef-99f4-db87c45e8284":{"id":"4ec74d2d-42cd-4bef-99f4-db87c45e8284","components":["4b9d6c1f-db87-4ce6-bab8-5fd6c49dfa01","7fa9ad09-5171-4bd1-a6f0-83c0d0612632"],"disableGizmos":true,"name":"bermudaGrass21"},"7a238714-9968-44c1-b5dc-d9fb4b17fbc8":{"id":"7a238714-9968-44c1-b5dc-d9fb4b17fbc8","components":["4b9d6c1f-db87-4ce6-bab8-5fd6c49dfa01","0a9c1c9f-c53c-4d8d-8b93-21f5c551cf4a"],"disableGizmos":true,"name":"bermudaGrass22"},"74d87de1-1876-4c64-94bf-f94a2c19b18a":{"id":"74d87de1-1876-4c64-94bf-f94a2c19b18a","components":["4b9d6c1f-db87-4ce6-bab8-5fd6c49dfa01","cf480c79-c606-4249-b189-fdf5a0147899"],"disableGizmos":true,"name":"bermudaGrass23"},"8bcac581-6785-4b55-ada4-ff502e3ce5d1":{"id":"8bcac581-6785-4b55-ada4-ff502e3ce5d1","components":["4b9d6c1f-db87-4ce6-bab8-5fd6c49dfa01","d06abe09-686b-49f7-9f2d-ff5a079ca786"],"disableGizmos":true,"name":"bermudaGrass24"},"3731bb18-5de6-4eec-925c-d7b8f40d559b":{"id":"3731bb18-5de6-4eec-925c-d7b8f40d559b","components":["4b9d6c1f-db87-4ce6-bab8-5fd6c49dfa01","621a4c01-838a-44c6-b745-509080b84efe"],"disableGizmos":true,"name":"bermudaGrass25"},"7d41cfca-3fe9-4369-9f55-da8d8aa589a3":{"id":"7d41cfca-3fe9-4369-9f55-da8d8aa589a3","components":["4b9d6c1f-db87-4ce6-bab8-5fd6c49dfa01","6d31e91a-8a9c-4964-9b2b-36e74ee51cc6"],"disableGizmos":true,"name":"bermudaGrass26"},"8da0977a-416f-40fb-983d-c6889fe71cf6":{"id":"8da0977a-416f-40fb-983d-c6889fe71cf6","components":["4b9d6c1f-db87-4ce6-bab8-5fd6c49dfa01","a1ce615d-49b1-4e4d-b98f-1741f6d62c6c"],"disableGizmos":true,"name":"bermudaGrass27"},"835a4cb9-a5b5-41ee-98e5-fcdc225c3c4a":{"id":"835a4cb9-a5b5-41ee-98e5-fcdc225c3c4a","components":["4b9d6c1f-db87-4ce6-bab8-5fd6c49dfa01","b325710d-bcd4-463c-9ebb-0fb75b2e474a"],"disableGizmos":true,"name":"bermudaGrass28"},"6e592b0c-f375-4f75-a0d6-acce2c98758f":{"id":"6e592b0c-f375-4f75-a0d6-acce2c98758f","components":["4b9d6c1f-db87-4ce6-bab8-5fd6c49dfa01","8513a93d-4f5d-482b-8acc-e61aa16994a4"],"disableGizmos":true,"name":"bermudaGrass29"},"f1151a23-42d9-4a9c-a427-6603b67c9869":{"id":"f1151a23-42d9-4a9c-a427-6603b67c9869","components":["4b9d6c1f-db87-4ce6-bab8-5fd6c49dfa01","2f91741f-588f-4201-92be-3e06d08045f0"],"disableGizmos":true,"name":"bermudaGrass30"},"34a55bf6-5e32-47f0-a1da-821e3f900a4c":{"id":"34a55bf6-5e32-47f0-a1da-821e3f900a4c","components":["4b9d6c1f-db87-4ce6-bab8-5fd6c49dfa01","ca2c717a-5646-4b3c-9269-7a762fceb59c"],"disableGizmos":true,"name":"bermudaGrass31"},"c7ef0bf9-c158-4800-b26e-ae12c0544792":{"id":"c7ef0bf9-c158-4800-b26e-ae12c0544792","components":["4b9d6c1f-db87-4ce6-bab8-5fd6c49dfa01","9c20585d-5156-48d1-8a0a-ed842dfcce29"],"disableGizmos":true,"name":"bermudaGrass32"},"bb7fbc56-c308-4249-a98a-58cbfe8025cc":{"id":"bb7fbc56-c308-4249-a98a-58cbfe8025cc","components":["4b9d6c1f-db87-4ce6-bab8-5fd6c49dfa01","2edbba33-af5c-4664-8d26-ac79c0fb81d5"],"disableGizmos":true,"name":"bermudaGrass33"},"05906cd3-ffad-4cc8-94bc-30105262af78":{"id":"05906cd3-ffad-4cc8-94bc-30105262af78","components":["4b9d6c1f-db87-4ce6-bab8-5fd6c49dfa01","60304723-a7a5-4bd7-9b72-a7faafb0cd41"],"disableGizmos":true,"name":"bermudaGrass34"},"b9658857-d330-4dd2-8fcd-d10831a231b4":{"id":"b9658857-d330-4dd2-8fcd-d10831a231b4","components":["4b9d6c1f-db87-4ce6-bab8-5fd6c49dfa01","7e671b6e-cbce-4112-aab7-b9c0208c4a4c"],"disableGizmos":true,"name":"bermudaGrass35"},"c62fc745-fe86-43d6-98f7-70e762c4979d":{"id":"c62fc745-fe86-43d6-98f7-70e762c4979d","components":["4b9d6c1f-db87-4ce6-bab8-5fd6c49dfa01","a0192520-0470-43a1-8278-b75dcb13adf7"],"disableGizmos":true,"name":"bermudaGrass36"},"4a4d11d6-bbd8-4880-b293-c4ad875cd264":{"id":"4a4d11d6-bbd8-4880-b293-c4ad875cd264","components":["4b9d6c1f-db87-4ce6-bab8-5fd6c49dfa01","1c6d6e92-249b-4e1a-8b0f-efb7b846184b"],"disableGizmos":true,"name":"bermudaGrass37"},"3472d049-9a9f-4740-af73-7d51f3e75ee6":{"id":"3472d049-9a9f-4740-af73-7d51f3e75ee6","components":["4b9d6c1f-db87-4ce6-bab8-5fd6c49dfa01","ab844cfd-f2f6-4471-b162-ae284966a8cd"],"disableGizmos":true,"name":"bermudaGrass38"},"86428e41-aa1f-4a5b-a9d0-8eacf8eeaa3a":{"id":"86428e41-aa1f-4a5b-a9d0-8eacf8eeaa3a","components":["4b9d6c1f-db87-4ce6-bab8-5fd6c49dfa01","f45f4c96-8f93-4f02-9cc2-b85020f8c79f"],"disableGizmos":true,"name":"bermudaGrass39"},"b96321b6-544a-4fd2-bf67-195346398379":{"id":"b96321b6-544a-4fd2-bf67-195346398379","components":["4b9d6c1f-db87-4ce6-bab8-5fd6c49dfa01","3af69ce7-58d2-4090-99f8-fcfd3a557e44"],"disableGizmos":true,"name":"bermudaGrass40"},"6c8c0330-a2b2-4d40-ba26-c10e793fb458":{"id":"6c8c0330-a2b2-4d40-ba26-c10e793fb458","components":["4b9d6c1f-db87-4ce6-bab8-5fd6c49dfa01","a3383116-5f7d-46a1-9220-b8d223531a93"],"disableGizmos":true,"name":"bermudaGrass41"},"63a50ab0-2618-405f-90e2-9f55a0010807":{"id":"63a50ab0-2618-405f-90e2-9f55a0010807","components":["4b9d6c1f-db87-4ce6-bab8-5fd6c49dfa01","4445a165-b906-4961-b46a-287d4677329a"],"disableGizmos":true,"name":"bermudaGrass42"},"7c468380-ef46-4292-861e-386858a149c1":{"id":"7c468380-ef46-4292-861e-386858a149c1","components":["4b9d6c1f-db87-4ce6-bab8-5fd6c49dfa01","3164d681-54da-4538-b7cf-33c4c4182a09"],"disableGizmos":true,"name":"bermudaGrass43"},"81d6e314-0c45-470f-87fd-1d48664f1ca5":{"id":"81d6e314-0c45-470f-87fd-1d48664f1ca5","components":["4b9d6c1f-db87-4ce6-bab8-5fd6c49dfa01","98bcf378-5531-4338-ac33-733a21ccfacb"],"disableGizmos":true,"name":"bermudaGrass44"},"d4d43139-70e7-42f9-bf27-c869432a9ea4":{"id":"d4d43139-70e7-42f9-bf27-c869432a9ea4","components":["4b9d6c1f-db87-4ce6-bab8-5fd6c49dfa01","5688b8d7-7960-471c-ba05-67417cc2a883"],"disableGizmos":true,"name":"bermudaGrass45"},"c45f3f13-0c8b-4444-9a5f-0d09d965033e":{"id":"c45f3f13-0c8b-4444-9a5f-0d09d965033e","components":["4b9d6c1f-db87-4ce6-bab8-5fd6c49dfa01","8ae2c5f8-83a0-4a22-9bfd-b14f657cf042"],"disableGizmos":true,"name":"bermudaGrass46"},"e476a96a-0d34-4c6f-afbf-a1e01a8cba00":{"id":"e476a96a-0d34-4c6f-afbf-a1e01a8cba00","components":["4b9d6c1f-db87-4ce6-bab8-5fd6c49dfa01","feb5367a-1815-4257-8d34-9dc9c462a703"],"disableGizmos":true,"name":"bermudaGrass47"},"80b4ddc4-39bc-4264-b379-b6793560db74":{"id":"80b4ddc4-39bc-4264-b379-b6793560db74","components":["4b9d6c1f-db87-4ce6-bab8-5fd6c49dfa01","8e375d94-0dce-41d1-94f7-806d3da427a1"],"disableGizmos":true,"name":"bermudaGrass48"},"24c6ac00-95e9-4baf-9f63-714d6303340b":{"id":"24c6ac00-95e9-4baf-9f63-714d6303340b","components":["4b9d6c1f-db87-4ce6-bab8-5fd6c49dfa01","1b576bf1-dd09-4bff-a4cb-b729b6fa288c"],"disableGizmos":true,"name":"bermudaGrass49"},"baf9e4c6-6d4f-48fb-85e3-41d66c0c8b14":{"id":"baf9e4c6-6d4f-48fb-85e3-41d66c0c8b14","components":["4b9d6c1f-db87-4ce6-bab8-5fd6c49dfa01","4eb7e421-c403-4508-ae75-39ebe71d7bd6"],"disableGizmos":true,"name":"bermudaGrass50"},"d6c21a09-230f-4930-b22e-f701626d55d8":{"id":"d6c21a09-230f-4930-b22e-f701626d55d8","components":["4b9d6c1f-db87-4ce6-bab8-5fd6c49dfa01","015bfbe0-8150-4cd5-acda-216a6c57f608"],"disableGizmos":true,"name":"bermudaGrass51"},"015518f0-6558-47a0-8779-6952cebbfc87":{"id":"015518f0-6558-47a0-8779-6952cebbfc87","components":["4b9d6c1f-db87-4ce6-bab8-5fd6c49dfa01","60190c9a-a548-4892-9ca4-e5509fc2a8eb"],"disableGizmos":true,"name":"bermudaGrass52"},"2c2799ca-f0b8-411d-84c1-60a57a30ab54":{"id":"2c2799ca-f0b8-411d-84c1-60a57a30ab54","components":["4b9d6c1f-db87-4ce6-bab8-5fd6c49dfa01","55dc8f6c-331e-4d34-ab40-dfdc01e3eb0a"],"disableGizmos":true,"name":"bermudaGrass53"},"5909311b-c377-415e-9a5d-7841ea0e4a2b":{"id":"5909311b-c377-415e-9a5d-7841ea0e4a2b","components":["4b9d6c1f-db87-4ce6-bab8-5fd6c49dfa01","7746e98b-1ba4-480a-854b-490a5f00286c"],"disableGizmos":true,"name":"bermudaGrass54"},"59057aa2-9867-4fd0-8951-9ac7dd31ee96":{"id":"59057aa2-9867-4fd0-8951-9ac7dd31ee96","components":["4b9d6c1f-db87-4ce6-bab8-5fd6c49dfa01","7db8a40b-af51-4b0d-b9cc-1556b5e6d827"],"disableGizmos":true,"name":"bermudaGrass55"},"32953733-ffbc-44ac-a233-8ef6d069ba34":{"id":"32953733-ffbc-44ac-a233-8ef6d069ba34","components":["4b9d6c1f-db87-4ce6-bab8-5fd6c49dfa01","570cad89-acda-4d60-96aa-274c3bee3b18"],"disableGizmos":true,"name":"bermudaGrass56"},"95f01b25-1cb7-4cfe-87f1-414af6211533":{"id":"95f01b25-1cb7-4cfe-87f1-414af6211533","components":["4b9d6c1f-db87-4ce6-bab8-5fd6c49dfa01","8f5126d3-3b2e-4cf1-8996-9f998f3aede2"],"disableGizmos":true,"name":"bermudaGrass57"},"f42bdc9e-f24b-447d-b4a1-c5a7667ed3cb":{"id":"f42bdc9e-f24b-447d-b4a1-c5a7667ed3cb","components":["4b9d6c1f-db87-4ce6-bab8-5fd6c49dfa01","cb393eac-724e-4afc-bdd8-68f37af8cb18"],"disableGizmos":true,"name":"bermudaGrass58"},"4aaf8df1-7575-44c1-866b-15aaa3989731":{"id":"4aaf8df1-7575-44c1-866b-15aaa3989731","components":["4b9d6c1f-db87-4ce6-bab8-5fd6c49dfa01","273ee42a-5855-4241-bc64-cd1f1fa0a6d4"],"disableGizmos":true,"name":"bermudaGrass59"},"8b5efa32-21f5-427a-89b9-3fb45f2390e7":{"id":"8b5efa32-21f5-427a-89b9-3fb45f2390e7","components":["4b9d6c1f-db87-4ce6-bab8-5fd6c49dfa01","187efb28-3255-4bc5-b408-4c54750e7766"],"disableGizmos":true,"name":"bermudaGrass60"},"81e55ae6-445e-4214-ae3d-222489ef48f2":{"id":"81e55ae6-445e-4214-ae3d-222489ef48f2","components":["4b9d6c1f-db87-4ce6-bab8-5fd6c49dfa01","dd1b1cfe-89e6-4ada-a1a4-49fa53c82660"],"disableGizmos":true,"name":"bermudaGrass61"},"4559493c-68d0-4712-be34-55c7e093fc05":{"id":"4559493c-68d0-4712-be34-55c7e093fc05","components":["4b9d6c1f-db87-4ce6-bab8-5fd6c49dfa01","33d02fa6-1cfe-4fc5-a27a-e37ce73ac781"],"disableGizmos":true,"name":"bermudaGrass62"},"ef4292ba-a717-4c3d-b4df-dc255f4f2fb9":{"id":"ef4292ba-a717-4c3d-b4df-dc255f4f2fb9","components":["4b9d6c1f-db87-4ce6-bab8-5fd6c49dfa01","8c6f9092-3873-445b-9c5f-200fcf7cdaf8"],"disableGizmos":true,"name":"bermudaGrass63"},"3ea0c250-fe65-4d43-bcb0-69bbee18b7ee":{"id":"3ea0c250-fe65-4d43-bcb0-69bbee18b7ee","components":["4b9d6c1f-db87-4ce6-bab8-5fd6c49dfa01","f696fb2e-8914-4c86-a0e2-27a413083d37"],"disableGizmos":true,"name":"bermudaGrass64"},"4104c32b-b9e9-44f2-ba12-5b5fc0efc9a1":{"id":"4104c32b-b9e9-44f2-ba12-5b5fc0efc9a1","components":["4b9d6c1f-db87-4ce6-bab8-5fd6c49dfa01","2baaa4f1-a33a-4967-83e0-76a7350e51cc"],"disableGizmos":true,"name":"bermudaGrass65"},"b7fd58eb-71c1-449f-9e36-4586526e097a":{"id":"b7fd58eb-71c1-449f-9e36-4586526e097a","components":["4b9d6c1f-db87-4ce6-bab8-5fd6c49dfa01","9e32553a-ca17-4d6e-b736-6a6ad5a1fc59"],"disableGizmos":true,"name":"bermudaGrass66"},"28c134d4-d445-439d-b360-238bc3b9c5a1":{"id":"28c134d4-d445-439d-b360-238bc3b9c5a1","components":["4b9d6c1f-db87-4ce6-bab8-5fd6c49dfa01","3c50353d-1b90-4276-9c9a-64c2fdae8ab5"],"disableGizmos":true,"name":"bermudaGrass67"},"71d5bc10-4987-4db0-9ff5-72cf4c2c34b9":{"id":"71d5bc10-4987-4db0-9ff5-72cf4c2c34b9","components":["4b9d6c1f-db87-4ce6-bab8-5fd6c49dfa01","079bb8c5-2f72-40af-82de-3eb5f6f46905"],"disableGizmos":true,"name":"bermudaGrass68"},"a7645903-76a4-4435-be56-7a1f912955d5":{"id":"a7645903-76a4-4435-be56-7a1f912955d5","components":["4b9d6c1f-db87-4ce6-bab8-5fd6c49dfa01","eb76ecb0-6201-4d86-a81f-4930a96b0930"],"disableGizmos":true,"name":"bermudaGrass69"},"5f26f350-c1d5-4773-b769-f37f2df19a11":{"id":"5f26f350-c1d5-4773-b769-f37f2df19a11","components":["4b9d6c1f-db87-4ce6-bab8-5fd6c49dfa01","45af2a1e-9927-48e0-b465-6440507628c4"],"disableGizmos":true,"name":"bermudaGrass70"},"e29a6600-7124-42d2-80c3-757e2d7d293c":{"id":"e29a6600-7124-42d2-80c3-757e2d7d293c","components":["4b9d6c1f-db87-4ce6-bab8-5fd6c49dfa01","08f76d91-f1e7-4e09-bf9e-c8f60e8998f7"],"disableGizmos":true,"name":"bermudaGrass71"},"92e8fe40-1042-42fc-b343-948aa9a860db":{"id":"92e8fe40-1042-42fc-b343-948aa9a860db","components":["4b9d6c1f-db87-4ce6-bab8-5fd6c49dfa01","4c5c5afa-78bf-44bc-8531-89908f0d9e9b"],"disableGizmos":true,"name":"bermudaGrass72"},"d0cac39e-37e1-4c27-b082-a86b8bb56e5c":{"id":"d0cac39e-37e1-4c27-b082-a86b8bb56e5c","components":["4b9d6c1f-db87-4ce6-bab8-5fd6c49dfa01","4b74cfa2-fa1d-4887-8aa1-e5037eac6732"],"disableGizmos":true,"name":"bermudaGrass73"},"cb8027b2-28a6-4fa1-ac7c-a38c923f58b3":{"id":"cb8027b2-28a6-4fa1-ac7c-a38c923f58b3","components":["4b9d6c1f-db87-4ce6-bab8-5fd6c49dfa01","6a05b625-432a-4549-94f2-bc1e79505e2e"],"disableGizmos":true,"name":"bermudaGrass74"},"b8a22f41-55f5-4963-b786-2885b3a33344":{"id":"b8a22f41-55f5-4963-b786-2885b3a33344","components":["4b9d6c1f-db87-4ce6-bab8-5fd6c49dfa01","c3480219-fdd5-427d-8f89-b68c25f5467a"],"disableGizmos":true,"name":"bermudaGrass75"},"f3f14a99-2208-487b-b07b-26cd0a7ba491":{"id":"f3f14a99-2208-487b-b07b-26cd0a7ba491","components":["4b9d6c1f-db87-4ce6-bab8-5fd6c49dfa01","04a12cce-ffd3-4539-8a41-ff9bd65937b8"],"disableGizmos":true,"name":"bermudaGrass76"},"902669a1-0f5a-4930-89e0-5de86322bfe3":{"id":"902669a1-0f5a-4930-89e0-5de86322bfe3","components":["4b9d6c1f-db87-4ce6-bab8-5fd6c49dfa01","202239ff-609b-4e39-bd72-635e5ebc94c1"],"disableGizmos":true,"name":"bermudaGrass77"},"18adac89-1e0f-4bf3-84a8-75d62c676030":{"id":"18adac89-1e0f-4bf3-84a8-75d62c676030","components":["4b9d6c1f-db87-4ce6-bab8-5fd6c49dfa01","e75f06b7-efbe-4e5a-90b4-5fe950fd5f91"],"disableGizmos":true,"name":"bermudaGrass78"},"7ea38298-3b83-4b69-a673-23e4048166f7":{"id":"7ea38298-3b83-4b69-a673-23e4048166f7","components":["4b9d6c1f-db87-4ce6-bab8-5fd6c49dfa01","758c2975-a5f8-487a-b1db-9dc5a9ef4de7"],"disableGizmos":true,"name":"bermudaGrass79"},"a5aa5cdb-91cc-42f7-8ccb-a595e574add4":{"id":"a5aa5cdb-91cc-42f7-8ccb-a595e574add4","components":["4b9d6c1f-db87-4ce6-bab8-5fd6c49dfa01","8a41ad0c-c035-4c1e-917d-dd531ddfdc72"],"disableGizmos":true,"name":"bermudaGrass80"},"78815c97-138f-4fb2-a71f-bb1cb8d9e666":{"id":"78815c97-138f-4fb2-a71f-bb1cb8d9e666","components":["4b9d6c1f-db87-4ce6-bab8-5fd6c49dfa01","6ec056fc-0f75-4e42-b2c4-beeb18ff2834"],"disableGizmos":true,"name":"bermudaGrass81"},"195d4b19-a3cb-4879-ab37-c180f97c1c42":{"id":"195d4b19-a3cb-4879-ab37-c180f97c1c42","components":["4b9d6c1f-db87-4ce6-bab8-5fd6c49dfa01","f75b391f-74fe-4d92-b196-fe69040bbe3c"],"disableGizmos":true,"name":"bermudaGrass82"},"eb819eb1-2043-4486-b831-3613c9fc864d":{"id":"eb819eb1-2043-4486-b831-3613c9fc864d","components":["4b9d6c1f-db87-4ce6-bab8-5fd6c49dfa01","811c4de2-55d6-454e-890f-513bec77d556"],"disableGizmos":true,"name":"bermudaGrass83"},"deb67a4f-00b6-44cc-bad7-b38bfdf1dd3b":{"id":"deb67a4f-00b6-44cc-bad7-b38bfdf1dd3b","components":["4b9d6c1f-db87-4ce6-bab8-5fd6c49dfa01","2aace3d3-a558-4b9f-99a4-964766371ed3"],"disableGizmos":true,"name":"bermudaGrass84"},"6153886c-2eda-4f8b-aecb-ede410260998":{"id":"6153886c-2eda-4f8b-aecb-ede410260998","components":["4b9d6c1f-db87-4ce6-bab8-5fd6c49dfa01","7cf73ba9-7a92-4fe4-8af2-d1cca5ec110a"],"disableGizmos":true,"name":"bermudaGrass85"},"a03d2afa-4be4-410b-9280-d502b4373639":{"id":"a03d2afa-4be4-410b-9280-d502b4373639","components":["4b9d6c1f-db87-4ce6-bab8-5fd6c49dfa01","1cb0d38f-ea41-4a07-b26e-e6faca80f352"],"disableGizmos":true,"name":"bermudaGrass86"},"bb96f1d8-144b-4e6d-b329-2b07b556611d":{"id":"bb96f1d8-144b-4e6d-b329-2b07b556611d","components":["4b9d6c1f-db87-4ce6-bab8-5fd6c49dfa01","8bc1c055-0d2b-4bb4-a1b6-ea00b817b5c4"],"disableGizmos":true,"name":"bermudaGrass87"},"12eb2d34-ed51-481c-909d-c2f6e8c6cc60":{"id":"12eb2d34-ed51-481c-909d-c2f6e8c6cc60","components":["4b9d6c1f-db87-4ce6-bab8-5fd6c49dfa01","b97d8c99-2821-4d80-bc6c-c272f2e61beb"],"disableGizmos":true,"name":"bermudaGrass88"},"ce7faa1c-c500-4e4c-b800-442c2f35178d":{"id":"ce7faa1c-c500-4e4c-b800-442c2f35178d","components":["4b9d6c1f-db87-4ce6-bab8-5fd6c49dfa01","7753a265-2103-4d3c-a7cc-a7dbe50d9c99"],"disableGizmos":true,"name":"bermudaGrass89"},"dfa9e159-67ff-4479-99f2-0e867ab59603":{"id":"dfa9e159-67ff-4479-99f2-0e867ab59603","components":["4b9d6c1f-db87-4ce6-bab8-5fd6c49dfa01","590a9bcf-e616-455c-bab2-6013587d620c"],"disableGizmos":true,"name":"bermudaGrass90"},"2866a7c4-1e3f-4978-839a-4215acbf11e7":{"id":"2866a7c4-1e3f-4978-839a-4215acbf11e7","components":["4b9d6c1f-db87-4ce6-bab8-5fd6c49dfa01","b2b0ca10-e061-44b6-ac7c-109953c1417a"],"disableGizmos":true,"name":"bermudaGrass91"},"12b715df-fd1b-4739-8453-23748eeb5d30":{"id":"12b715df-fd1b-4739-8453-23748eeb5d30","components":["4b9d6c1f-db87-4ce6-bab8-5fd6c49dfa01","0afcaf14-6309-4147-a2f8-1cda51be0be2"],"disableGizmos":true,"name":"bermudaGrass92"},"883e2b59-843a-498d-8ed9-b74ef11ac59d":{"id":"883e2b59-843a-498d-8ed9-b74ef11ac59d","components":["4b9d6c1f-db87-4ce6-bab8-5fd6c49dfa01","ce29cf2b-5d45-4d1e-bdef-f47d40f50f13"],"disableGizmos":true,"name":"bermudaGrass93"},"936bad3a-fdec-40f3-a049-37ebb7c96e08":{"id":"936bad3a-fdec-40f3-a049-37ebb7c96e08","components":["4b9d6c1f-db87-4ce6-bab8-5fd6c49dfa01","4335c2b9-022d-4d1a-b005-bfbfe3e1545c"],"disableGizmos":true,"name":"bermudaGrass94"},"e308446e-0e8b-48cf-8ce5-986576cd11b1":{"id":"e308446e-0e8b-48cf-8ce5-986576cd11b1","components":["4b9d6c1f-db87-4ce6-bab8-5fd6c49dfa01","864eaa75-7b18-43c0-ae71-4947b4c7538b"],"disableGizmos":true,"name":"bermudaGrass95"},"927c9727-c1a2-4d66-8675-c61e4feb5927":{"id":"927c9727-c1a2-4d66-8675-c61e4feb5927","components":["4b9d6c1f-db87-4ce6-bab8-5fd6c49dfa01","83af8e48-ea6e-44f6-9486-87732966f9bd"],"disableGizmos":true,"name":"bermudaGrass96"},"fc436aed-df6a-49df-9008-6ca03106a588":{"id":"fc436aed-df6a-49df-9008-6ca03106a588","components":["4b9d6c1f-db87-4ce6-bab8-5fd6c49dfa01","2d11126c-f3fb-4e68-83ff-d985240a5180"],"disableGizmos":true,"name":"bermudaGrass97"},"ee896dbf-34a6-4426-bdac-64610b3df64a":{"id":"ee896dbf-34a6-4426-bdac-64610b3df64a","components":["4b9d6c1f-db87-4ce6-bab8-5fd6c49dfa01","ccff46b8-a742-456b-9dd2-1797be6fe003"],"disableGizmos":true,"name":"bermudaGrass98"},"2cbadd70-351a-4b89-adf7-e76ca81c9aaa":{"id":"2cbadd70-351a-4b89-adf7-e76ca81c9aaa","components":["4b9d6c1f-db87-4ce6-bab8-5fd6c49dfa01","bb77ba88-c15f-4339-bcde-32c9aea561cd"],"disableGizmos":true,"name":"bermudaGrass99"},"c76db23e-27bb-40a1-979e-0d2666134f09":{"id":"c76db23e-27bb-40a1-979e-0d2666134f09","components":["4b9d6c1f-db87-4ce6-bab8-5fd6c49dfa01","6f2c68a0-5c3f-4ec0-aa84-75db4722fe98"],"disableGizmos":true,"name":"bermudaGrass100"},"796190d5-9e16-498d-bc09-155cc2342751":{"id":"796190d5-9e16-498d-bc09-155cc2342751","components":["d82aabc8-e339-4f6c-8fde-a1e94347df9c","f3fb093b-156d-4757-801b-bba9bb44e7c5","cbbf2c2e-0571-4358-86e4-7e12f74632de"],"name":"imageFromURL"},"80b11293-ae4a-42e7-91ff-c5d893acbbc4":{"id":"80b11293-ae4a-42e7-91ff-c5d893acbbc4","components":["8c7c3051-173e-4303-b559-29dff2e3b3da","3388455f-1c0a-43a7-acaa-c68db1f8157c","cbbf2c2e-0571-4358-86e4-7e12f74632de"],"name":"imageFromURL2"},"27420a4f-c37d-4572-8961-011bd312f1b0":{"id":"27420a4f-c37d-4572-8961-011bd312f1b0","components":["87e5b827-7380-4633-b0ff-7ed49e9a28d8","5792b5be-3ad1-414b-99e2-d6ba32645321","cbbf2c2e-0571-4358-86e4-7e12f74632de"],"name":"imageFromURL3"},"748da6d4-8d93-447d-a608-db77d6edf004":{"id":"748da6d4-8d93-447d-a608-db77d6edf004","components":["370c5023-b013-454e-b537-8a7be59a6f31","cbbf2c2e-0571-4358-86e4-7e12f74632de","7106c6a3-3c55-461b-8611-4152820b37f1"],"name":"imageFromURL4"},"75a1a65a-dbfb-402a-b87c-319b21eacf34":{"id":"75a1a65a-dbfb-402a-b87c-319b21eacf34","components":["1a94edab-f865-4f21-9836-757a8b0ab8d1","cbbf2c2e-0571-4358-86e4-7e12f74632de","8e0982a7-1f49-4329-bdc5-3bf8f4e18b39"],"name":"imageFromURL5"},"8ef52156-8dd5-443a-a16c-f68ee9084d3b":{"id":"8ef52156-8dd5-443a-a16c-f68ee9084d3b","components":["d335e615-7cb0-4512-97d0-1706a4aa128a","cbbf2c2e-0571-4358-86e4-7e12f74632de","b9598212-aeef-4567-8e3c-a3c380f125d9"],"name":"imageFromURL6"},"fced9a38-db95-401d-9c07-41432af38a23":{"id":"fced9a38-db95-401d-9c07-41432af38a23","components":["09f7c3d9-013e-4d51-8985-33b009bcf6e6","cbbf2c2e-0571-4358-86e4-7e12f74632de","ff8ff207-7f03-47f3-9040-83f01ef74a0e"],"name":"imageFromURL7"}},"components":{"4b9d6c1f-db87-4ce6-bab8-5fd6c49dfa01":{"id":"4b9d6c1f-db87-4ce6-bab8-5fd6c49dfa01","type":"GLTFShape","data":{"assetId":"c9b17021-765c-4d9a-9966-ce93a9c323d1"}},"f23106ee-9db0-4e7d-bb65-203045aea85b":{"id":"f23106ee-9db0-4e7d-bb65-203045aea85b","type":"GLTFShape","data":{"assetId":"807742a4-50f2-42e1-9aef-bd119cba3bda"}},"8741b7d2-5cc2-41ba-98d6-ffefea2a1cf1":{"id":"8741b7d2-5cc2-41ba-98d6-ffefea2a1cf1","type":"Transform","data":{"position":{"x":71.5,"y":0,"z":76.5},"rotation":{"x":0,"y":0,"z":0,"w":1},"scale":{"x":1,"y":1,"z":1}}},"22d768bd-6f4f-4650-a046-ce48a520b55b":{"id":"22d768bd-6f4f-4650-a046-ce48a520b55b","type":"Transform","data":{"position":{"x":8,"y":0,"z":8},"rotation":{"x":0,"y":0,"z":0,"w":1},"scale":{"x":1,"y":1,"z":1}}},"d643688a-23c8-45ad-bb7e-4f03e7118865":{"id":"d643688a-23c8-45ad-bb7e-4f03e7118865","type":"Transform","data":{"position":{"x":24,"y":0,"z":8},"rotation":{"x":0,"y":0,"z":0,"w":1},"scale":{"x":1,"y":1,"z":1}}},"d45057f7-8e7c-499e-97e6-935e6c6a3b86":{"id":"d45057f7-8e7c-499e-97e6-935e6c6a3b86","type":"Transform","data":{"position":{"x":40,"y":0,"z":8},"rotation":{"x":0,"y":0,"z":0,"w":1},"scale":{"x":1,"y":1,"z":1}}},"ba4160e8-3179-4cf3-aec6-5a66b76f2007":{"id":"ba4160e8-3179-4cf3-aec6-5a66b76f2007","type":"Transform","data":{"position":{"x":56,"y":0,"z":8},"rotation":{"x":0,"y":0,"z":0,"w":1},"scale":{"x":1,"y":1,"z":1}}},"a857f68e-7c0b-46ac-85dc-c8bc929186c0":{"id":"a857f68e-7c0b-46ac-85dc-c8bc929186c0","type":"Transform","data":{"position":{"x":72,"y":0,"z":8},"rotation":{"x":0,"y":0,"z":0,"w":1},"scale":{"x":1,"y":1,"z":1}}},"0602f90c-7c12-4d5c-a284-b600a9fe3d11":{"id":"0602f90c-7c12-4d5c-a284-b600a9fe3d11","type":"Transform","data":{"position":{"x":88,"y":0,"z":8},"rotation":{"x":0,"y":0,"z":0,"w":1},"scale":{"x":1,"y":1,"z":1}}},"f74d6130-50ac-4923-9157-967b2d4d2eba":{"id":"f74d6130-50ac-4923-9157-967b2d4d2eba","type":"Transform","data":{"position":{"x":104,"y":0,"z":8},"rotation":{"x":0,"y":0,"z":0,"w":1},"scale":{"x":1,"y":1,"z":1}}},"96d6e33d-076e-4c91-aef8-6bb52885ed0e":{"id":"96d6e33d-076e-4c91-aef8-6bb52885ed0e","type":"Transform","data":{"position":{"x":120,"y":0,"z":8},"rotation":{"x":0,"y":0,"z":0,"w":1},"scale":{"x":1,"y":1,"z":1}}},"add83d4d-a884-44ab-b4ba-273bdf3699b1":{"id":"add83d4d-a884-44ab-b4ba-273bdf3699b1","type":"Transform","data":{"position":{"x":136,"y":0,"z":8},"rotation":{"x":0,"y":0,"z":0,"w":1},"scale":{"x":1,"y":1,"z":1}}},"c04c4439-780c-4d8a-babd-0a0fcbd7122e":{"id":"c04c4439-780c-4d8a-babd-0a0fcbd7122e","type":"Transform","data":{"position":{"x":152,"y":0,"z":8},"rotation":{"x":0,"y":0,"z":0,"w":1},"scale":{"x":1,"y":1,"z":1}}},"e7fee349-7a83-43c4-af69-d4c7a911c0dd":{"id":"e7fee349-7a83-43c4-af69-d4c7a911c0dd","type":"Transform","data":{"position":{"x":8,"y":0,"z":24},"rotation":{"x":0,"y":0,"z":0,"w":1},"scale":{"x":1,"y":1,"z":1}}},"2a430ca7-7f7f-49f7-89ea-64d8ba726d21":{"id":"2a430ca7-7f7f-49f7-89ea-64d8ba726d21","type":"Transform","data":{"position":{"x":24,"y":0,"z":24},"rotation":{"x":0,"y":0,"z":0,"w":1},"scale":{"x":1,"y":1,"z":1}}},"b72ddde9-8360-4274-ae2e-a7a9c49ad295":{"id":"b72ddde9-8360-4274-ae2e-a7a9c49ad295","type":"Transform","data":{"position":{"x":40,"y":0,"z":24},"rotation":{"x":0,"y":0,"z":0,"w":1},"scale":{"x":1,"y":1,"z":1}}},"899ae574-1dc1-49be-a972-0fe4dd05b24e":{"id":"899ae574-1dc1-49be-a972-0fe4dd05b24e","type":"Transform","data":{"position":{"x":56,"y":0,"z":24},"rotation":{"x":0,"y":0,"z":0,"w":1},"scale":{"x":1,"y":1,"z":1}}},"28e7b31c-2c6f-4db8-9872-e10030c9c3dc":{"id":"28e7b31c-2c6f-4db8-9872-e10030c9c3dc","type":"Transform","data":{"position":{"x":72,"y":0,"z":24},"rotation":{"x":0,"y":0,"z":0,"w":1},"scale":{"x":1,"y":1,"z":1}}},"ca8d3f6a-0740-41f1-b31c-150b62a8b324":{"id":"ca8d3f6a-0740-41f1-b31c-150b62a8b324","type":"Transform","data":{"position":{"x":88,"y":0,"z":24},"rotation":{"x":0,"y":0,"z":0,"w":1},"scale":{"x":1,"y":1,"z":1}}},"119f20fc-d454-47e8-85ff-b8c4047e2cd2":{"id":"119f20fc-d454-47e8-85ff-b8c4047e2cd2","type":"Transform","data":{"position":{"x":104,"y":0,"z":24},"rotation":{"x":0,"y":0,"z":0,"w":1},"scale":{"x":1,"y":1,"z":1}}},"e25a0bfd-0b3f-4401-8f5b-390e203e4c4a":{"id":"e25a0bfd-0b3f-4401-8f5b-390e203e4c4a","type":"Transform","data":{"position":{"x":120,"y":0,"z":24},"rotation":{"x":0,"y":0,"z":0,"w":1},"scale":{"x":1,"y":1,"z":1}}},"21f2c520-c0da-4a0a-986f-f8225d3eef00":{"id":"21f2c520-c0da-4a0a-986f-f8225d3eef00","type":"Transform","data":{"position":{"x":136,"y":0,"z":24},"rotation":{"x":0,"y":0,"z":0,"w":1},"scale":{"x":1,"y":1,"z":1}}},"809df2ce-22be-40ca-8b79-a2afd8251a40":{"id":"809df2ce-22be-40ca-8b79-a2afd8251a40","type":"Transform","data":{"position":{"x":152,"y":0,"z":24},"rotation":{"x":0,"y":0,"z":0,"w":1},"scale":{"x":1,"y":1,"z":1}}},"7fa9ad09-5171-4bd1-a6f0-83c0d0612632":{"id":"7fa9ad09-5171-4bd1-a6f0-83c0d0612632","type":"Transform","data":{"position":{"x":8,"y":0,"z":40},"rotation":{"x":0,"y":0,"z":0,"w":1},"scale":{"x":1,"y":1,"z":1}}},"0a9c1c9f-c53c-4d8d-8b93-21f5c551cf4a":{"id":"0a9c1c9f-c53c-4d8d-8b93-21f5c551cf4a","type":"Transform","data":{"position":{"x":24,"y":0,"z":40},"rotation":{"x":0,"y":0,"z":0,"w":1},"scale":{"x":1,"y":1,"z":1}}},"cf480c79-c606-4249-b189-fdf5a0147899":{"id":"cf480c79-c606-4249-b189-fdf5a0147899","type":"Transform","data":{"position":{"x":40,"y":0,"z":40},"rotation":{"x":0,"y":0,"z":0,"w":1},"scale":{"x":1,"y":1,"z":1}}},"d06abe09-686b-49f7-9f2d-ff5a079ca786":{"id":"d06abe09-686b-49f7-9f2d-ff5a079ca786","type":"Transform","data":{"position":{"x":56,"y":0,"z":40},"rotation":{"x":0,"y":0,"z":0,"w":1},"scale":{"x":1,"y":1,"z":1}}},"621a4c01-838a-44c6-b745-509080b84efe":{"id":"621a4c01-838a-44c6-b745-509080b84efe","type":"Transform","data":{"position":{"x":72,"y":0,"z":40},"rotation":{"x":0,"y":0,"z":0,"w":1},"scale":{"x":1,"y":1,"z":1}}},"6d31e91a-8a9c-4964-9b2b-36e74ee51cc6":{"id":"6d31e91a-8a9c-4964-9b2b-36e74ee51cc6","type":"Transform","data":{"position":{"x":88,"y":0,"z":40},"rotation":{"x":0,"y":0,"z":0,"w":1},"scale":{"x":1,"y":1,"z":1}}},"a1ce615d-49b1-4e4d-b98f-1741f6d62c6c":{"id":"a1ce615d-49b1-4e4d-b98f-1741f6d62c6c","type":"Transform","data":{"position":{"x":104,"y":0,"z":40},"rotation":{"x":0,"y":0,"z":0,"w":1},"scale":{"x":1,"y":1,"z":1}}},"b325710d-bcd4-463c-9ebb-0fb75b2e474a":{"id":"b325710d-bcd4-463c-9ebb-0fb75b2e474a","type":"Transform","data":{"position":{"x":120,"y":0,"z":40},"rotation":{"x":0,"y":0,"z":0,"w":1},"scale":{"x":1,"y":1,"z":1}}},"8513a93d-4f5d-482b-8acc-e61aa16994a4":{"id":"8513a93d-4f5d-482b-8acc-e61aa16994a4","type":"Transform","data":{"position":{"x":136,"y":0,"z":40},"rotation":{"x":0,"y":0,"z":0,"w":1},"scale":{"x":1,"y":1,"z":1}}},"2f91741f-588f-4201-92be-3e06d08045f0":{"id":"2f91741f-588f-4201-92be-3e06d08045f0","type":"Transform","data":{"position":{"x":152,"y":0,"z":40},"rotation":{"x":0,"y":0,"z":0,"w":1},"scale":{"x":1,"y":1,"z":1}}},"ca2c717a-5646-4b3c-9269-7a762fceb59c":{"id":"ca2c717a-5646-4b3c-9269-7a762fceb59c","type":"Transform","data":{"position":{"x":8,"y":0,"z":56},"rotation":{"x":0,"y":0,"z":0,"w":1},"scale":{"x":1,"y":1,"z":1}}},"9c20585d-5156-48d1-8a0a-ed842dfcce29":{"id":"9c20585d-5156-48d1-8a0a-ed842dfcce29","type":"Transform","data":{"position":{"x":24,"y":0,"z":56},"rotation":{"x":0,"y":0,"z":0,"w":1},"scale":{"x":1,"y":1,"z":1}}},"2edbba33-af5c-4664-8d26-ac79c0fb81d5":{"id":"2edbba33-af5c-4664-8d26-ac79c0fb81d5","type":"Transform","data":{"position":{"x":40,"y":0,"z":56},"rotation":{"x":0,"y":0,"z":0,"w":1},"scale":{"x":1,"y":1,"z":1}}},"60304723-a7a5-4bd7-9b72-a7faafb0cd41":{"id":"60304723-a7a5-4bd7-9b72-a7faafb0cd41","type":"Transform","data":{"position":{"x":56,"y":0,"z":56},"rotation":{"x":0,"y":0,"z":0,"w":1},"scale":{"x":1,"y":1,"z":1}}},"7e671b6e-cbce-4112-aab7-b9c0208c4a4c":{"id":"7e671b6e-cbce-4112-aab7-b9c0208c4a4c","type":"Transform","data":{"position":{"x":72,"y":0,"z":56},"rotation":{"x":0,"y":0,"z":0,"w":1},"scale":{"x":1,"y":1,"z":1}}},"a0192520-0470-43a1-8278-b75dcb13adf7":{"id":"a0192520-0470-43a1-8278-b75dcb13adf7","type":"Transform","data":{"position":{"x":88,"y":0,"z":56},"rotation":{"x":0,"y":0,"z":0,"w":1},"scale":{"x":1,"y":1,"z":1}}},"1c6d6e92-249b-4e1a-8b0f-efb7b846184b":{"id":"1c6d6e92-249b-4e1a-8b0f-efb7b846184b","type":"Transform","data":{"position":{"x":104,"y":0,"z":56},"rotation":{"x":0,"y":0,"z":0,"w":1},"scale":{"x":1,"y":1,"z":1}}},"ab844cfd-f2f6-4471-b162-ae284966a8cd":{"id":"ab844cfd-f2f6-4471-b162-ae284966a8cd","type":"Transform","data":{"position":{"x":120,"y":0,"z":56},"rotation":{"x":0,"y":0,"z":0,"w":1},"scale":{"x":1,"y":1,"z":1}}},"f45f4c96-8f93-4f02-9cc2-b85020f8c79f":{"id":"f45f4c96-8f93-4f02-9cc2-b85020f8c79f","type":"Transform","data":{"position":{"x":136,"y":0,"z":56},"rotation":{"x":0,"y":0,"z":0,"w":1},"scale":{"x":1,"y":1,"z":1}}},"3af69ce7-58d2-4090-99f8-fcfd3a557e44":{"id":"3af69ce7-58d2-4090-99f8-fcfd3a557e44","type":"Transform","data":{"position":{"x":152,"y":0,"z":56},"rotation":{"x":0,"y":0,"z":0,"w":1},"scale":{"x":1,"y":1,"z":1}}},"a3383116-5f7d-46a1-9220-b8d223531a93":{"id":"a3383116-5f7d-46a1-9220-b8d223531a93","type":"Transform","data":{"position":{"x":8,"y":0,"z":72},"rotation":{"x":0,"y":0,"z":0,"w":1},"scale":{"x":1,"y":1,"z":1}}},"4445a165-b906-4961-b46a-287d4677329a":{"id":"4445a165-b906-4961-b46a-287d4677329a","type":"Transform","data":{"position":{"x":24,"y":0,"z":72},"rotation":{"x":0,"y":0,"z":0,"w":1},"scale":{"x":1,"y":1,"z":1}}},"3164d681-54da-4538-b7cf-33c4c4182a09":{"id":"3164d681-54da-4538-b7cf-33c4c4182a09","type":"Transform","data":{"position":{"x":40,"y":0,"z":72},"rotation":{"x":0,"y":0,"z":0,"w":1},"scale":{"x":1,"y":1,"z":1}}},"98bcf378-5531-4338-ac33-733a21ccfacb":{"id":"98bcf378-5531-4338-ac33-733a21ccfacb","type":"Transform","data":{"position":{"x":56,"y":0,"z":72},"rotation":{"x":0,"y":0,"z":0,"w":1},"scale":{"x":1,"y":1,"z":1}}},"5688b8d7-7960-471c-ba05-67417cc2a883":{"id":"5688b8d7-7960-471c-ba05-67417cc2a883","type":"Transform","data":{"position":{"x":72,"y":0,"z":72},"rotation":{"x":0,"y":0,"z":0,"w":1},"scale":{"x":1,"y":1,"z":1}}},"8ae2c5f8-83a0-4a22-9bfd-b14f657cf042":{"id":"8ae2c5f8-83a0-4a22-9bfd-b14f657cf042","type":"Transform","data":{"position":{"x":88,"y":0,"z":72},"rotation":{"x":0,"y":0,"z":0,"w":1},"scale":{"x":1,"y":1,"z":1}}},"feb5367a-1815-4257-8d34-9dc9c462a703":{"id":"feb5367a-1815-4257-8d34-9dc9c462a703","type":"Transform","data":{"position":{"x":104,"y":0,"z":72},"rotation":{"x":0,"y":0,"z":0,"w":1},"scale":{"x":1,"y":1,"z":1}}},"8e375d94-0dce-41d1-94f7-806d3da427a1":{"id":"8e375d94-0dce-41d1-94f7-806d3da427a1","type":"Transform","data":{"position":{"x":120,"y":0,"z":72},"rotation":{"x":0,"y":0,"z":0,"w":1},"scale":{"x":1,"y":1,"z":1}}},"1b576bf1-dd09-4bff-a4cb-b729b6fa288c":{"id":"1b576bf1-dd09-4bff-a4cb-b729b6fa288c","type":"Transform","data":{"position":{"x":136,"y":0,"z":72},"rotation":{"x":0,"y":0,"z":0,"w":1},"scale":{"x":1,"y":1,"z":1}}},"4eb7e421-c403-4508-ae75-39ebe71d7bd6":{"id":"4eb7e421-c403-4508-ae75-39ebe71d7bd6","type":"Transform","data":{"position":{"x":152,"y":0,"z":72},"rotation":{"x":0,"y":0,"z":0,"w":1},"scale":{"x":1,"y":1,"z":1}}},"015bfbe0-8150-4cd5-acda-216a6c57f608":{"id":"015bfbe0-8150-4cd5-acda-216a6c57f608","type":"Transform","data":{"position":{"x":8,"y":0,"z":88},"rotation":{"x":0,"y":0,"z":0,"w":1},"scale":{"x":1,"y":1,"z":1}}},"60190c9a-a548-4892-9ca4-e5509fc2a8eb":{"id":"60190c9a-a548-4892-9ca4-e5509fc2a8eb","type":"Transform","data":{"position":{"x":24,"y":0,"z":88},"rotation":{"x":0,"y":0,"z":0,"w":1},"scale":{"x":1,"y":1,"z":1}}},"55dc8f6c-331e-4d34-ab40-dfdc01e3eb0a":{"id":"55dc8f6c-331e-4d34-ab40-dfdc01e3eb0a","type":"Transform","data":{"position":{"x":40,"y":0,"z":88},"rotation":{"x":0,"y":0,"z":0,"w":1},"scale":{"x":1,"y":1,"z":1}}},"7746e98b-1ba4-480a-854b-490a5f00286c":{"id":"7746e98b-1ba4-480a-854b-490a5f00286c","type":"Transform","data":{"position":{"x":56,"y":0,"z":88},"rotation":{"x":0,"y":0,"z":0,"w":1},"scale":{"x":1,"y":1,"z":1}}},"7db8a40b-af51-4b0d-b9cc-1556b5e6d827":{"id":"7db8a40b-af51-4b0d-b9cc-1556b5e6d827","type":"Transform","data":{"position":{"x":72,"y":0,"z":88},"rotation":{"x":0,"y":0,"z":0,"w":1},"scale":{"x":1,"y":1,"z":1}}},"570cad89-acda-4d60-96aa-274c3bee3b18":{"id":"570cad89-acda-4d60-96aa-274c3bee3b18","type":"Transform","data":{"position":{"x":88,"y":0,"z":88},"rotation":{"x":0,"y":0,"z":0,"w":1},"scale":{"x":1,"y":1,"z":1}}},"8f5126d3-3b2e-4cf1-8996-9f998f3aede2":{"id":"8f5126d3-3b2e-4cf1-8996-9f998f3aede2","type":"Transform","data":{"position":{"x":104,"y":0,"z":88},"rotation":{"x":0,"y":0,"z":0,"w":1},"scale":{"x":1,"y":1,"z":1}}},"cb393eac-724e-4afc-bdd8-68f37af8cb18":{"id":"cb393eac-724e-4afc-bdd8-68f37af8cb18","type":"Transform","data":{"position":{"x":120,"y":0,"z":88},"rotation":{"x":0,"y":0,"z":0,"w":1},"scale":{"x":1,"y":1,"z":1}}},"273ee42a-5855-4241-bc64-cd1f1fa0a6d4":{"id":"273ee42a-5855-4241-bc64-cd1f1fa0a6d4","type":"Transform","data":{"position":{"x":136,"y":0,"z":88},"rotation":{"x":0,"y":0,"z":0,"w":1},"scale":{"x":1,"y":1,"z":1}}},"187efb28-3255-4bc5-b408-4c54750e7766":{"id":"187efb28-3255-4bc5-b408-4c54750e7766","type":"Transform","data":{"position":{"x":152,"y":0,"z":88},"rotation":{"x":0,"y":0,"z":0,"w":1},"scale":{"x":1,"y":1,"z":1}}},"dd1b1cfe-89e6-4ada-a1a4-49fa53c82660":{"id":"dd1b1cfe-89e6-4ada-a1a4-49fa53c82660","type":"Transform","data":{"position":{"x":8,"y":0,"z":104},"rotation":{"x":0,"y":0,"z":0,"w":1},"scale":{"x":1,"y":1,"z":1}}},"33d02fa6-1cfe-4fc5-a27a-e37ce73ac781":{"id":"33d02fa6-1cfe-4fc5-a27a-e37ce73ac781","type":"Transform","data":{"position":{"x":24,"y":0,"z":104},"rotation":{"x":0,"y":0,"z":0,"w":1},"scale":{"x":1,"y":1,"z":1}}},"8c6f9092-3873-445b-9c5f-200fcf7cdaf8":{"id":"8c6f9092-3873-445b-9c5f-200fcf7cdaf8","type":"Transform","data":{"position":{"x":40,"y":0,"z":104},"rotation":{"x":0,"y":0,"z":0,"w":1},"scale":{"x":1,"y":1,"z":1}}},"f696fb2e-8914-4c86-a0e2-27a413083d37":{"id":"f696fb2e-8914-4c86-a0e2-27a413083d37","type":"Transform","data":{"position":{"x":56,"y":0,"z":104},"rotation":{"x":0,"y":0,"z":0,"w":1},"scale":{"x":1,"y":1,"z":1}}},"2baaa4f1-a33a-4967-83e0-76a7350e51cc":{"id":"2baaa4f1-a33a-4967-83e0-76a7350e51cc","type":"Transform","data":{"position":{"x":72,"y":0,"z":104},"rotation":{"x":0,"y":0,"z":0,"w":1},"scale":{"x":1,"y":1,"z":1}}},"9e32553a-ca17-4d6e-b736-6a6ad5a1fc59":{"id":"9e32553a-ca17-4d6e-b736-6a6ad5a1fc59","type":"Transform","data":{"position":{"x":88,"y":0,"z":104},"rotation":{"x":0,"y":0,"z":0,"w":1},"scale":{"x":1,"y":1,"z":1}}},"3c50353d-1b90-4276-9c9a-64c2fdae8ab5":{"id":"3c50353d-1b90-4276-9c9a-64c2fdae8ab5","type":"Transform","data":{"position":{"x":104,"y":0,"z":104},"rotation":{"x":0,"y":0,"z":0,"w":1},"scale":{"x":1,"y":1,"z":1}}},"079bb8c5-2f72-40af-82de-3eb5f6f46905":{"id":"079bb8c5-2f72-40af-82de-3eb5f6f46905","type":"Transform","data":{"position":{"x":120,"y":0,"z":104},"rotation":{"x":0,"y":0,"z":0,"w":1},"scale":{"x":1,"y":1,"z":1}}},"eb76ecb0-6201-4d86-a81f-4930a96b0930":{"id":"eb76ecb0-6201-4d86-a81f-4930a96b0930","type":"Transform","data":{"position":{"x":136,"y":0,"z":104},"rotation":{"x":0,"y":0,"z":0,"w":1},"scale":{"x":1,"y":1,"z":1}}},"45af2a1e-9927-48e0-b465-6440507628c4":{"id":"45af2a1e-9927-48e0-b465-6440507628c4","type":"Transform","data":{"position":{"x":152,"y":0,"z":104},"rotation":{"x":0,"y":0,"z":0,"w":1},"scale":{"x":1,"y":1,"z":1}}},"08f76d91-f1e7-4e09-bf9e-c8f60e8998f7":{"id":"08f76d91-f1e7-4e09-bf9e-c8f60e8998f7","type":"Transform","data":{"position":{"x":8,"y":0,"z":120},"rotation":{"x":0,"y":0,"z":0,"w":1},"scale":{"x":1,"y":1,"z":1}}},"4c5c5afa-78bf-44bc-8531-89908f0d9e9b":{"id":"4c5c5afa-78bf-44bc-8531-89908f0d9e9b","type":"Transform","data":{"position":{"x":24,"y":0,"z":120},"rotation":{"x":0,"y":0,"z":0,"w":1},"scale":{"x":1,"y":1,"z":1}}},"4b74cfa2-fa1d-4887-8aa1-e5037eac6732":{"id":"4b74cfa2-fa1d-4887-8aa1-e5037eac6732","type":"Transform","data":{"position":{"x":40,"y":0,"z":120},"rotation":{"x":0,"y":0,"z":0,"w":1},"scale":{"x":1,"y":1,"z":1}}},"6a05b625-432a-4549-94f2-bc1e79505e2e":{"id":"6a05b625-432a-4549-94f2-bc1e79505e2e","type":"Transform","data":{"position":{"x":56,"y":0,"z":120},"rotation":{"x":0,"y":0,"z":0,"w":1},"scale":{"x":1,"y":1,"z":1}}},"c3480219-fdd5-427d-8f89-b68c25f5467a":{"id":"c3480219-fdd5-427d-8f89-b68c25f5467a","type":"Transform","data":{"position":{"x":72,"y":0,"z":120},"rotation":{"x":0,"y":0,"z":0,"w":1},"scale":{"x":1,"y":1,"z":1}}},"04a12cce-ffd3-4539-8a41-ff9bd65937b8":{"id":"04a12cce-ffd3-4539-8a41-ff9bd65937b8","type":"Transform","data":{"position":{"x":88,"y":0,"z":120},"rotation":{"x":0,"y":0,"z":0,"w":1},"scale":{"x":1,"y":1,"z":1}}},"202239ff-609b-4e39-bd72-635e5ebc94c1":{"id":"202239ff-609b-4e39-bd72-635e5ebc94c1","type":"Transform","data":{"position":{"x":104,"y":0,"z":120},"rotation":{"x":0,"y":0,"z":0,"w":1},"scale":{"x":1,"y":1,"z":1}}},"e75f06b7-efbe-4e5a-90b4-5fe950fd5f91":{"id":"e75f06b7-efbe-4e5a-90b4-5fe950fd5f91","type":"Transform","data":{"position":{"x":120,"y":0,"z":120},"rotation":{"x":0,"y":0,"z":0,"w":1},"scale":{"x":1,"y":1,"z":1}}},"758c2975-a5f8-487a-b1db-9dc5a9ef4de7":{"id":"758c2975-a5f8-487a-b1db-9dc5a9ef4de7","type":"Transform","data":{"position":{"x":136,"y":0,"z":120},"rotation":{"x":0,"y":0,"z":0,"w":1},"scale":{"x":1,"y":1,"z":1}}},"8a41ad0c-c035-4c1e-917d-dd531ddfdc72":{"id":"8a41ad0c-c035-4c1e-917d-dd531ddfdc72","type":"Transform","data":{"position":{"x":152,"y":0,"z":120},"rotation":{"x":0,"y":0,"z":0,"w":1},"scale":{"x":1,"y":1,"z":1}}},"6ec056fc-0f75-4e42-b2c4-beeb18ff2834":{"id":"6ec056fc-0f75-4e42-b2c4-beeb18ff2834","type":"Transform","data":{"position":{"x":8,"y":0,"z":136},"rotation":{"x":0,"y":0,"z":0,"w":1},"scale":{"x":1,"y":1,"z":1}}},"f75b391f-74fe-4d92-b196-fe69040bbe3c":{"id":"f75b391f-74fe-4d92-b196-fe69040bbe3c","type":"Transform","data":{"position":{"x":24,"y":0,"z":136},"rotation":{"x":0,"y":0,"z":0,"w":1},"scale":{"x":1,"y":1,"z":1}}},"811c4de2-55d6-454e-890f-513bec77d556":{"id":"811c4de2-55d6-454e-890f-513bec77d556","type":"Transform","data":{"position":{"x":40,"y":0,"z":136},"rotation":{"x":0,"y":0,"z":0,"w":1},"scale":{"x":1,"y":1,"z":1}}},"2aace3d3-a558-4b9f-99a4-964766371ed3":{"id":"2aace3d3-a558-4b9f-99a4-964766371ed3","type":"Transform","data":{"position":{"x":56,"y":0,"z":136},"rotation":{"x":0,"y":0,"z":0,"w":1},"scale":{"x":1,"y":1,"z":1}}},"7cf73ba9-7a92-4fe4-8af2-d1cca5ec110a":{"id":"7cf73ba9-7a92-4fe4-8af2-d1cca5ec110a","type":"Transform","data":{"position":{"x":72,"y":0,"z":136},"rotation":{"x":0,"y":0,"z":0,"w":1},"scale":{"x":1,"y":1,"z":1}}},"1cb0d38f-ea41-4a07-b26e-e6faca80f352":{"id":"1cb0d38f-ea41-4a07-b26e-e6faca80f352","type":"Transform","data":{"position":{"x":88,"y":0,"z":136},"rotation":{"x":0,"y":0,"z":0,"w":1},"scale":{"x":1,"y":1,"z":1}}},"8bc1c055-0d2b-4bb4-a1b6-ea00b817b5c4":{"id":"8bc1c055-0d2b-4bb4-a1b6-ea00b817b5c4","type":"Transform","data":{"position":{"x":104,"y":0,"z":136},"rotation":{"x":0,"y":0,"z":0,"w":1},"scale":{"x":1,"y":1,"z":1}}},"b97d8c99-2821-4d80-bc6c-c272f2e61beb":{"id":"b97d8c99-2821-4d80-bc6c-c272f2e61beb","type":"Transform","data":{"position":{"x":120,"y":0,"z":136},"rotation":{"x":0,"y":0,"z":0,"w":1},"scale":{"x":1,"y":1,"z":1}}},"7753a265-2103-4d3c-a7cc-a7dbe50d9c99":{"id":"7753a265-2103-4d3c-a7cc-a7dbe50d9c99","type":"Transform","data":{"position":{"x":136,"y":0,"z":136},"rotation":{"x":0,"y":0,"z":0,"w":1},"scale":{"x":1,"y":1,"z":1}}},"590a9bcf-e616-455c-bab2-6013587d620c":{"id":"590a9bcf-e616-455c-bab2-6013587d620c","type":"Transform","data":{"position":{"x":152,"y":0,"z":136},"rotation":{"x":0,"y":0,"z":0,"w":1},"scale":{"x":1,"y":1,"z":1}}},"b2b0ca10-e061-44b6-ac7c-109953c1417a":{"id":"b2b0ca10-e061-44b6-ac7c-109953c1417a","type":"Transform","data":{"position":{"x":8,"y":0,"z":152},"rotation":{"x":0,"y":0,"z":0,"w":1},"scale":{"x":1,"y":1,"z":1}}},"0afcaf14-6309-4147-a2f8-1cda51be0be2":{"id":"0afcaf14-6309-4147-a2f8-1cda51be0be2","type":"Transform","data":{"position":{"x":24,"y":0,"z":152},"rotation":{"x":0,"y":0,"z":0,"w":1},"scale":{"x":1,"y":1,"z":1}}},"ce29cf2b-5d45-4d1e-bdef-f47d40f50f13":{"id":"ce29cf2b-5d45-4d1e-bdef-f47d40f50f13","type":"Transform","data":{"position":{"x":40,"y":0,"z":152},"rotation":{"x":0,"y":0,"z":0,"w":1},"scale":{"x":1,"y":1,"z":1}}},"4335c2b9-022d-4d1a-b005-bfbfe3e1545c":{"id":"4335c2b9-022d-4d1a-b005-bfbfe3e1545c","type":"Transform","data":{"position":{"x":56,"y":0,"z":152},"rotation":{"x":0,"y":0,"z":0,"w":1},"scale":{"x":1,"y":1,"z":1}}},"864eaa75-7b18-43c0-ae71-4947b4c7538b":{"id":"864eaa75-7b18-43c0-ae71-4947b4c7538b","type":"Transform","data":{"position":{"x":72,"y":0,"z":152},"rotation":{"x":0,"y":0,"z":0,"w":1},"scale":{"x":1,"y":1,"z":1}}},"83af8e48-ea6e-44f6-9486-87732966f9bd":{"id":"83af8e48-ea6e-44f6-9486-87732966f9bd","type":"Transform","data":{"position":{"x":88,"y":0,"z":152},"rotation":{"x":0,"y":0,"z":0,"w":1},"scale":{"x":1,"y":1,"z":1}}},"2d11126c-f3fb-4e68-83ff-d985240a5180":{"id":"2d11126c-f3fb-4e68-83ff-d985240a5180","type":"Transform","data":{"position":{"x":104,"y":0,"z":152},"rotation":{"x":0,"y":0,"z":0,"w":1},"scale":{"x":1,"y":1,"z":1}}},"ccff46b8-a742-456b-9dd2-1797be6fe003":{"id":"ccff46b8-a742-456b-9dd2-1797be6fe003","type":"Transform","data":{"position":{"x":120,"y":0,"z":152},"rotation":{"x":0,"y":0,"z":0,"w":1},"scale":{"x":1,"y":1,"z":1}}},"bb77ba88-c15f-4339-bcde-32c9aea561cd":{"id":"bb77ba88-c15f-4339-bcde-32c9aea561cd","type":"Transform","data":{"position":{"x":136,"y":0,"z":152},"rotation":{"x":0,"y":0,"z":0,"w":1},"scale":{"x":1,"y":1,"z":1}}},"6f2c68a0-5c3f-4ec0-aa84-75db4722fe98":{"id":"6f2c68a0-5c3f-4ec0-aa84-75db4722fe98","type":"Transform","data":{"position":{"x":152,"y":0,"z":152},"rotation":{"x":0,"y":0,"z":0,"w":1},"scale":{"x":1,"y":1,"z":1}}},"cbbf2c2e-0571-4358-86e4-7e12f74632de":{"id":"cbbf2c2e-0571-4358-86e4-7e12f74632de","type":"GLTFShape","data":{"assetId":"7d669c08-c354-45e4-b3a3-c915c8fd6b6e"}},"f3fb093b-156d-4757-801b-bba9bb44e7c5":{"id":"f3fb093b-156d-4757-801b-bba9bb44e7c5","type":"Transform","data":{"position":{"x":80,"y":0,"z":80},"rotation":{"x":0,"y":0,"z":0,"w":1},"scale":{"x":1,"y":1,"z":1}}},"d82aabc8-e339-4f6c-8fde-a1e94347df9c":{"id":"d82aabc8-e339-4f6c-8fde-a1e94347df9c","type":"Script","data":{"assetId":"7d669c08-c354-45e4-b3a3-c915c8fd6b6e","src":"QmcUZnB8wgJvd987HfpNy8tMswyhSsXQMsnKuBBp4UzJ3P","values":{"image":"https://i.imgur.com/d25gO61.jpg"}}},"3388455f-1c0a-43a7-acaa-c68db1f8157c":{"id":"3388455f-1c0a-43a7-acaa-c68db1f8157c","type":"Transform","data":{"position":{"x":86.47428894042969,"y":3.3984320163726807,"z":71.58231353759766},"rotation":{"x":0,"y":0,"z":0,"w":1},"scale":{"x":5.677594184875488,"y":3.9398539066314697,"z":1}}},"8c7c3051-173e-4303-b559-29dff2e3b3da":{"id":"8c7c3051-173e-4303-b559-29dff2e3b3da","type":"Script","data":{"assetId":"7d669c08-c354-45e4-b3a3-c915c8fd6b6e","src":"QmcUZnB8wgJvd987HfpNy8tMswyhSsXQMsnKuBBp4UzJ3P","values":{"image":"https://i.imgur.com/Lv54nwG.png"}}},"5792b5be-3ad1-414b-99e2-d6ba32645321":{"id":"5792b5be-3ad1-414b-99e2-d6ba32645321","type":"Transform","data":{"position":{"x":97.78472137451172,"y":2.9165682792663574,"z":83.9977798461914},"rotation":{"x":7.459749815646067e-16,"y":0.6920113563537598,"z":-8.249416083572214e-8,"w":-0.7218866944313049},"scale":{"x":3.3376822471618652,"y":4.330127239227295,"z":0.9995726346969604}}},"87e5b827-7380-4633-b0ff-7ed49e9a28d8":{"id":"87e5b827-7380-4633-b0ff-7ed49e9a28d8","type":"Script","data":{"assetId":"7d669c08-c354-45e4-b3a3-c915c8fd6b6e","src":"QmcUZnB8wgJvd987HfpNy8tMswyhSsXQMsnKuBBp4UzJ3P","values":{"image":"https://i.imgur.com/oCVU5fD.jpg"}}},"7106c6a3-3c55-461b-8611-4152820b37f1":{"id":"7106c6a3-3c55-461b-8611-4152820b37f1","type":"Transform","data":{"position":{"x":86.20764923095703,"y":3.0081820487976074,"z":90.78960418701172},"rotation":{"x":-1.2573116511685814e-14,"y":0.9999154210090637,"z":-1.191991927385061e-7,"w":-0.01300913468003273},"scale":{"x":4.256339073181152,"y":4.821140766143799,"z":0.9999927878379822}}},"370c5023-b013-454e-b537-8a7be59a6f31":{"id":"370c5023-b013-454e-b537-8a7be59a6f31","type":"Script","data":{"values":{"image":"https://i.imgur.com/L32W9Tq.jpg"},"assetId":"7d669c08-c354-45e4-b3a3-c915c8fd6b6e"}},"8e0982a7-1f49-4329-bdc5-3bf8f4e18b39":{"id":"8e0982a7-1f49-4329-bdc5-3bf8f4e18b39","type":"Transform","data":{"position":{"x":88.14149475097656,"y":10.616735458374023,"z":93.36133575439453},"rotation":{"x":-1.2573116511685814e-14,"y":0.9999154210090637,"z":-1.191991927385061e-7,"w":-0.01300913468003273},"scale":{"x":2.3666534423828125,"y":2.3057773113250732,"z":0.9996601939201355}}},"1a94edab-f865-4f21-9836-757a8b0ab8d1":{"id":"1a94edab-f865-4f21-9836-757a8b0ab8d1","type":"Script","data":{"values":{"image":"https://i.imgur.com/S9NzkIW.png"},"assetId":"7d669c08-c354-45e4-b3a3-c915c8fd6b6e"}},"b9598212-aeef-4567-8e3c-a3c380f125d9":{"id":"b9598212-aeef-4567-8e3c-a3c380f125d9","type":"Transform","data":{"position":{"x":97.78472137451172,"y":10.078629493713379,"z":74.37186431884766},"rotation":{"x":7.459749815646067e-16,"y":0.6920113563537598,"z":-8.249416083572214e-8,"w":-0.7218866944313049},"scale":{"x":3.3376879692077637,"y":3.3309645652770996,"z":0.9995745420455933}}},"d335e615-7cb0-4512-97d0-1706a4aa128a":{"id":"d335e615-7cb0-4512-97d0-1706a4aa128a","type":"Script","data":{"values":{"image":"https://i.imgur.com/SzSesoi.png"},"assetId":"7d669c08-c354-45e4-b3a3-c915c8fd6b6e"}},"ff8ff207-7f03-47f3-9040-83f01ef74a0e":{"id":"ff8ff207-7f03-47f3-9040-83f01ef74a0e","type":"Transform","data":{"position":{"x":97.78472137451172,"y":10.078629493713379,"z":80.38819885253906},"rotation":{"x":7.459749815646067e-16,"y":0.6920113563537598,"z":-8.249416083572214e-8,"w":-0.7218866944313049},"scale":{"x":3.337688684463501,"y":3.3309645652770996,"z":0.9995747804641724}}},"09f7c3d9-013e-4d51-8985-33b009bcf6e6":{"id":"09f7c3d9-013e-4d51-8985-33b009bcf6e6","type":"Script","data":{"values":{"image":"https://i.imgur.com/chdM8jK.png"},"assetId":"7d669c08-c354-45e4-b3a3-c915c8fd6b6e"}}},"assets":{"807742a4-50f2-42e1-9aef-bd119cba3bda":{"id":"807742a4-50f2-42e1-9aef-bd119cba3bda","legacyId":null,"assetPackId":"5b5a9146-a9d7-4a68-ad66-31d3febd4b7e","name":"SCENE AMBAR PROJECT","model":"SCENE_AMBAR_PROJECT.glb","script":null,"thumbnail":"https://builder-api.decentraland.org/v1/storage/contents/bafkreie5l4s5ouw77uslookogrwe7lbuotoaogpdvhvafsgtlfomcgnkmq","tags":[],"category":"decorations","contents":{"SCENE_AMBAR_PROJECT.glb":"bafybeibhxqi7jfnjawky6f5oxrqb5z32fshpvevyo7hx77bwakyikowt3e"},"metrics":{"triangles":273876,"materials":84,"textures":120,"meshes":243,"bodies":1022,"entities":1},"parameters":[],"actions":[]},"c9b17021-765c-4d9a-9966-ce93a9c323d1":{"id":"c9b17021-765c-4d9a-9966-ce93a9c323d1","legacyId":"da1fed3c954172146414a66adfa134f7a5e1cb49c902713481bf2fe94180c2cf","assetPackId":"e6fa9601-3e47-4dff-9a84-e8e017add15a","name":"Bermuda Grass","model":"FloorBaseGrass_01/FloorBaseGrass_01.glb","script":null,"thumbnail":"https://builder-api.decentraland.org/v1/storage/contents/QmexuPHcbEtQCR11dPXxKZmRjGuY4iTooPJYfST7hW71DE","tags":["genesis","city","town","ground"],"category":"ground","contents":{"FloorBaseGrass_01/FloorBaseGrass_01.glb":"QmSyvWnb5nKCaGHw9oHLSkwywvS5NYpj6vgb8L121kWveS","FloorBaseGrass_01/Floor_Grass01.png.png":"QmT1WfQPMBVhgwyxV5SfcfWivZ6hqMCT74nxdKXwyZBiXb","FloorBaseGrass_01/thumbnail.png":"QmexuPHcbEtQCR11dPXxKZmRjGuY4iTooPJYfST7hW71DE"},"metrics":{"meshes":0,"bodies":0,"materials":0,"textures":0,"triangles":0,"entities":0},"parameters":[],"actions":[]},"7d669c08-c354-45e4-b3a3-c915c8fd6b6e":{"id":"7d669c08-c354-45e4-b3a3-c915c8fd6b6e","legacyId":null,"assetPackId":"07e7e010-3003-496d-a720-2a714a63a58b","name":"Image from URL","model":"models/image_preview.glb","script":"bin/game.js","thumbnail":"https://builder-api.decentraland.org/v1/storage/contents/QmaTKjwWNAa5kE6vFn8QGhgSHnGG65zmYQMU3Ph9ZY9gvq","tags":["signpost","text","interactive"],"category":"decorations","contents":{"package.json":"QmTtpY3uhma6NHLN624hC5nVxUAwCS7Fk68eVVMbxNHbg2","bin/game.js":"QmcUZnB8wgJvd987HfpNy8tMswyhSsXQMsnKuBBp4UzJ3P","src/item.ts":"Qmcx52sRkyqS8pBGbz7zydbHCK1GcDaLrqbWomzkW7zf4r","models/image_preview.glb":"QmYk96S5Ym55iwfzhi3xKV2aJQtcH3yCNhPiDLUkbXCjxk"},"metrics":{"triangles":12,"materials":1,"textures":1,"meshes":1,"bodies":1,"entities":1},"parameters":[{"id":"image","label":"External Image URL","type":"text","default":"https://i.imgur.com/d25gO61.jpg"}],"actions":[]}},"metrics":{"triangles":277076,"materials":64,"meshes":286,"bodies":1122,"entities":101,"textures":0},"limits":{"triangles":1000000,"materials":146.3,"meshes":1331,"bodies":30000,"entities":20000,"textures":66},"ground":{"assetId":"c9b17021-765c-4d9a-9966-ce93a9c323d1","componentId":"4b9d6c1f-db87-4ce6-bab8-5fd6c49dfa01"}}}